{"theta_0": -3.1019891871629213, "theta_1": 1.1132886586992934}