{"theta_0": -3.8957808783048415, "theta_1": 1.1930336441888891}